{"version": "1", "message": "ERROR: Hidden Testcases server unreachable.", "problem_id": "cspp1_m10_a1_1", "user_id": "jprasanthkumar28", "score": {"sample": {"0": {"execution_time": 0.12067985534667969, "passed": false}, "1": {"execution_time": 0.0596919059753418, "passed": false}, "2": {"execution_time": 0.05902743339538574, "passed": false}, "3": {"execution_time": 0.06084394454956055, "passed": false}, "4": {"execution_time": 0.05904078483581543, "passed": false}, "5": {"execution_time": 0.059041500091552734, "passed": false}}}, "pylint_score": "4/10"}