{"version": "1", "message": "ERROR: Hidden Testcases server unreachable.", "problem_id": "cspp1_m10_a1_1", "user_id": "jprasanthkumar28", "score": {"sample": {"0": {"execution_time": 0.08805656433105469, "passed": true}, "1": {"execution_time": 0.06806206703186035, "passed": true}, "2": {"execution_time": 0.06254386901855469, "passed": true}, "3": {"execution_time": 0.06304502487182617, "passed": false}, "4": {"execution_time": 0.07104706764221191, "passed": true}, "5": {"execution_time": 0.0645451545715332, "passed": false}}}, "pylint_score": "5/10"}